,Ruta,Cant_pred,y_proba,y_pred,Cant_test,Especie,y_test,
20,Muestreo ct Iberica/2021/IB1/1-IB1- (1156).JPG,2,0.079,0,2,guanaco,1,
23,Muestreo ct Iberica/2021/IB1/1-IB1- (1186).JPG,2,0.061,0,2,guanaco,1,
40,Muestreo ct Iberica/2021/IB1/1-IB1- (963).JPG,2,0.074,0,2,zorro colorado,1,
51,Muestreo ct Iberica/2021/IB2/0-IB2- (96).JPG,1,0.934,1,1,choique,0,
100,Muestreo ct Iberica/2021/IB5/1-IB5- (101).JPG,2,0.067,0,2,guanaco,1,
101,Muestreo ct Iberica/2021/IB5/1-IB5- (106).JPG,3,0.098666667,0,3,guanaco,1,
113,Muestreo ct Iberica/2021/IB5/1-IB5- (72).JPG,2,0.0585,0,2,guanaco,1,
127,Muestreo ct Iberica/2021/IB6/0-IB6- (241).JPG,3,0.048666667,0,3,choique,1,
142,Muestreo ct Iberica/2021/IB6/0-IB6- (473).JPG,3,0.071666667,0,3,choique,1,
160,Muestreo ct Iberica/2021/IB6/1-IB6- (1591).JPG,1,0.905,1,5,passeriforme,0,
166,Muestreo ct Iberica/2021/IB6/1-IB6- (1660).JPG,2,0.0455,0,2,guanaco,1,
169,Muestreo ct Iberica/2021/IB6/1-IB6- (1710).JPG,2,0.084,0,2,guanaco,1,
170,Muestreo ct Iberica/2021/IB6/1-IB6- (1716).JPG,2,0.04,0,2,guanaco,1,
207,Muestreo ct Iberica/2022/Ib-22 (1)/IMG_0249.JPG,2,0.0315,0,2,guanaco,1,
208,Muestreo ct Iberica/2022/Ib-22 (1)/IMG_0252.JPG,2,0.05,0,3,guanaco,1,
217,Muestreo ct Iberica/2022/Ib-22 (1)/IMG_0692.JPG,2,0.063,0,2,guanaco,1,
218,Muestreo ct Iberica/2022/Ib-22 (1)/IMG_0762.JPG,1,0.956,1,1,guanaco,0,
232,Muestreo ct Iberica/2022/Ib-22 (2)/IMG_0261.JPG,2,0.0425,0,2,choique,1,
237,Muestreo ct Iberica/2022/Ib-22 (4)/IMG_0016.JPG,2,0.0735,0,2,guanaco,1,
244,Muestreo ct Iberica/2022/Ib-22 (5)/IMG_0006.JPG,1,0.975,1,1,guanaco,0,
254,Muestreo ct Iberica/2022/Ib-22 (6)/IMG_0001.JPG,1,0.947,1,2,martineta,0,
266,Muestreo ct Iberica/2022/Ib-22 (6)/IMG_0173.JPG,2,0.0425,0,2,guanaco,1,
274,Muestreo ct Iberica/2022/Ib-22 (6)/IMG_0256.JPG,1,0.943,1,1,martineta,0,
306,Muestreo ct Iberica/2022/Ib-22 (6)/IMG_0616.JPG,2,0.053,0,2,liebre,1,
311,Muestreo ct Iberica/2022/Ib-22 (6)/IMG_0681.JPG,2,0.042,0,2,liebre,1,
327,Muestreo ct sauce/CT S 2020/S1/0-S1- (19).JPG,1,0.958,1,1,guanaco,0,
328,Muestreo ct sauce/CT S 2020/S1/0-S1- (20).JPG,1,0.94,1,1,guanaco,0,
329,Muestreo ct sauce/CT S 2020/S1/0-S1- (21).JPG,1,0.925,1,3,guanaco,0,
392,Muestreo ct sauce/CT S 2020/S1/IMG_0021.JPG,1,0.932,1,3,guanaco,0,
395,Muestreo ct sauce/CT S 2020/S1/IMG_0024.JPG,1,0.942,1,3,guanaco,0,
449,Muestreo ct sauce/CT S 2020/S1/IMG_0083.JPG,1,0.945,1,2,guanaco,0,
484,Muestreo ct sauce/CT S 2020/S1/IMG_0118.JPG,1,0.944,1,2,guanaco,0,
485,Muestreo ct sauce/CT S 2020/S1/IMG_0119.JPG,1,0.934,1,1,guanaco,0,
486,Muestreo ct sauce/CT S 2020/S1/IMG_0120.JPG,1,0.916,1,1,guanaco,0,
520,Muestreo ct sauce/CT S 2020/S11/IMG_0117.JPG,2,0.068,0,2,mara,1,
537,Muestreo ct sauce/CT S 2020/S13/IMG_0005.JPG,2,0.0535,0,2,guanaco,1,
578,Muestreo ct sauce/CT S 2020/S14/S14 - (1).JPG,1,0.968,1,1,choique,0,
623,Muestreo ct sauce/CT S 2020/S15/z-S15 (352).JPG,3,0.060666667,0,4,guanaco,1,
626,Muestreo ct sauce/CT S 2020/S15/z-S15 (81).JPG,2,0.0835,0,3,guanaco,1,
633,Muestreo ct sauce/CT S 2020/S16/IMG_0095.JPG,5,0.0816,0,6,guanaco,1,
641,Muestreo ct sauce/CT S 2020/S16/IMG_0391.JPG,2,0.0725,0,2,guanaco,1,
642,Muestreo ct sauce/CT S 2020/S16/IMG_0417.JPG,3,0.085666667,0,3,guanaco,1,
685,Muestreo ct sauce/CT S 2020/S16/z-S16 (1606).JPG,2,0.0445,0,2,guanaco,1,
700,Muestreo ct sauce/CT S 2020/S16/z-S16 (831).JPG,2,0.0555,0,2,guanaco,1,
706,Muestreo ct sauce/CT S 2020/S16/z-S16 (926).JPG,5,0.087,0,5,guanaco,1,
732,Muestreo ct sauce/CT S 2020/S17/IMG_3211.JPG,3,0.071333333,0,3,zorro gris,1,
740,Muestreo ct sauce/CT S 2020/S17/IMG_3774.JPG,3,0.065333333,0,3,choique,1,
745,Muestreo ct sauce/CT S 2020/S17/IMG_3901.JPG,4,0.06225,0,4,guanaco,1,
746,Muestreo ct sauce/CT S 2020/S17/IMG_3911.JPG,5,0.0744,0,5,guanaco,1,
769,Muestreo ct sauce/CT S 2020/S17/IMG_5492.JPG,9,0.071666667,0,9,choique,1,
771,Muestreo ct sauce/CT S 2020/S17/IMG_5606.JPG,2,0.034,0,2,passeriforme,1,
777,Muestreo ct sauce/CT S 2020/S17/IMG_5830.JPG,6,0.073,0,6,zorro gris,1,
778,Muestreo ct sauce/CT S 2020/S17/IMG_6112.JPG,4,0.09475,0,4,zorro gris,1,
780,Muestreo ct sauce/CT S 2020/S17/IMG_6142.JPG,1,0.949,1,2,guanaco,0,
786,Muestreo ct sauce/CT S 2020/S17/S17 - (1044).JPG,6,0.081666667,0,6,guanaco,1,
806,Muestreo ct sauce/CT S 2020/S17/S17 - (1956).JPG,3,0.092666667,0,3,zorro gris,1,
822,Muestreo ct sauce/CT S 2020/S17/S17 - (512).JPG,1,0.954,1,1,choique,0,
832,Muestreo ct sauce/CT S 2020/S17/S17 - (921).JPG,5,0.0724,0,5,choique,1,
882,Muestreo ct sauce/CT S 2020/S18/z-S18 (1726).JPG,1,0.935,1,3,guanaco,0,
888,Muestreo ct sauce/CT S 2020/S18/z-S18 (264).JPG,2,0.0265,0,2,choique,1,
889,Muestreo ct sauce/CT S 2020/S18/z-S18 (269).JPG,3,0.056666667,0,3,choique,1,
940,Muestreo ct sauce/CT S 2020/S19/z-S19 (1452).JPG,2,0.075,0,2,guanaco,1,
943,Muestreo ct sauce/CT S 2020/S19/z-S19 (1476).JPG,2,0.098,0,2,guanaco,1,
948,Muestreo ct sauce/CT S 2020/S19/z-S19 (1541).JPG,1,0.91,1,2,guanaco,0,
965,Muestreo ct sauce/CT S 2020/S19/z-S19 (2518).JPG,2,0.0275,0,2,guanaco,1,
980,Muestreo ct sauce/CT S 2020/S19/z-S19 (2886).JPG,2,0.0295,0,2,guanaco,1,
982,Muestreo ct sauce/CT S 2020/S19/z-S19 (3148).JPG,2,0.0485,0,2,guanaco,1,
995,Muestreo ct sauce/CT S 2020/S19/z-S19 (407).JPG,2,0.0735,0,2,guanaco,1,
1018,Muestreo ct sauce/CT S 2020/S2/IMG_0303.JPG,1,0.949,1,3,guanaco,0,
1040,Muestreo ct sauce/CT S 2020/S2/z-S2- (77).JPG,2,0.035,0,2,guanaco,1,
1041,Muestreo ct sauce/CT S 2020/S2/z-S2- (78).JPG,3,0.043666667,0,3,guanaco,1,
1053,Muestreo ct sauce/CT S 2020/S4/0-S4 (10).JPG,3,0.041,0,3,guanaco,1,
1054,Muestreo ct sauce/CT S 2020/S4/0-S4 (113).JPG,1,0.961,1,2,choique,0,
1059,Muestreo ct sauce/CT S 2020/S4/0-S4 (125).JPG,2,0.093,0,2,guanaco,1,
1061,Muestreo ct sauce/CT S 2020/S4/0-S4 (132).JPG,2,0.073,0,2,guanaco,1,
1063,Muestreo ct sauce/CT S 2020/S4/0-S4 (16).JPG,4,0.03925,0,4,guanaco,1,
1064,Muestreo ct sauce/CT S 2020/S4/0-S4 (164).JPG,1,0.947,1,3,guanaco,0,
1069,Muestreo ct sauce/CT S 2020/S4/0-S4 (57).JPG,1,0.933,1,1,guanaco,0,
1070,Muestreo ct sauce/CT S 2020/S4/0-S4 (60).JPG,2,0.0545,0,2,guanaco,1,
1071,Muestreo ct sauce/CT S 2020/S4/0-S4 (64).JPG,3,0.059666667,0,3,guanaco,1,
1097,Muestreo ct sauce/CT S 2020/S4/z-S4 (91).JPG,2,0.0995,0,2,guanaco,1,
1107,Muestreo ct sauce/CT S 2020/S5/IMG_0182.JPG,2,0.0395,0,2,guanaco,1,
1119,Muestreo ct sauce/CT S 2020/S6/0-S6 (9).JPG,1,0.963,1,2,choique,0,
1144,Muestreo ct sauce/CT S 2021/S1/0-S1- (157).JPG,1,0.977,1,3,guanaco,0,
1147,Muestreo ct sauce/CT S 2021/S1/0-S1- (1887).JPG,2,0.086,0,2,guanaco,1,
1148,Muestreo ct sauce/CT S 2021/S1/0-S1- (2074).JPG,2,0.0485,0,2,guanaco,1,
1151,Muestreo ct sauce/CT S 2021/S1/0-S1- (552).JPG,2,0.057,0,2,guanaco,1,
1164,Muestreo ct sauce/CT S 2021/S1/0-S1- (709).JPG,3,0.090666667,0,3,choique,1,
1170,Muestreo ct sauce/CT S 2021/S1/0-S1- (911).JPG,2,0.0955,0,2,guanaco,1,
1182,Muestreo ct sauce/CT S 2021/S1/1-S1- (208).JPG,2,0.051,0,2,guanaco,1,
1187,Muestreo ct sauce/CT S 2021/S1/1-S1- (482).JPG,4,0.0985,0,4,choique,1,
1190,Muestreo ct sauce/CT S 2021/S1/1-S1- (847).JPG,3,0.072333333,0,3,guanaco,1,
1195,Muestreo ct sauce/CT S 2021/S1/2-S1- (211).JPG,1,0.947,1,2,guanaco,0,
1218,Muestreo ct sauce/CT S 2021/S11/0-S11- (571).JPG,2,0.0955,0,2,guanaco,1,
1222,Muestreo ct sauce/CT S 2021/S11/0-S11- (781).JPG,1,0.918,1,1,choique,0,
1225,Muestreo ct sauce/CT S 2021/S11/1-S11- (171).JPG,1,0.903,1,2,choique,0,
1236,Muestreo ct sauce/CT S 2021/S13/0-S13- (1055).JPG,2,0.0425,0,2,guanaco,1,
1239,Muestreo ct sauce/CT S 2021/S13/0-S13- (107).JPG,5,0.0654,0,5,guanaco,1,
1241,Muestreo ct sauce/CT S 2021/S13/0-S13- (1081).JPG,2,0.0375,0,2,guanaco,1,
1247,Muestreo ct sauce/CT S 2021/S13/0-S13- (1131).JPG,2,0.0365,0,2,guanaco,1,
1251,Muestreo ct sauce/CT S 2021/S13/0-S13- (1176).JPG,2,0.073,0,2,guanaco,1,
1252,Muestreo ct sauce/CT S 2021/S13/0-S13- (1181).JPG,3,0.073333333,0,3,guanaco,1,
1273,Muestreo ct sauce/CT S 2021/S13/0-S13- (56).JPG,2,0.081,0,2,guanaco,1,
1274,Muestreo ct sauce/CT S 2021/S13/0-S13- (60).JPG,2,0.0785,0,2,guanaco,1,
1276,Muestreo ct sauce/CT S 2021/S13/0-S13- (81).JPG,3,0.096,0,3,guanaco,1,
1280,Muestreo ct sauce/CT S 2021/S13/1-S13- (113).JPG,5,0.0904,0,5,guanaco,1,
1281,Muestreo ct sauce/CT S 2021/S13/1-S13- (121).JPG,3,0.078333333,0,3,guanaco,1,
1292,Muestreo ct sauce/CT S 2021/S13/1-S13- (31).JPG,2,0.059,0,2,guanaco,1,
1299,Muestreo ct sauce/CT S 2021/S13/1-S13- (431).JPG,2,0.077,0,2,choique,1,
1300,Muestreo ct sauce/CT S 2021/S13/1-S13- (436).JPG,3,0.066333333,0,3,choique,1,
1303,Muestreo ct sauce/CT S 2021/S13/1-S13- (536).JPG,2,0.0665,0,2,guanaco,1,
1306,Muestreo ct sauce/CT S 2021/S13/1-S13- (641).JPG,2,0.0675,0,2,guanaco,1,
1324,Muestreo ct sauce/CT S 2021/S13/1-S13- (86).JPG,5,0.0868,0,6,guanaco,1,
1327,Muestreo ct sauce/CT S 2021/S13/1-S13- (95).JPG,6,0.088666667,0,6,guanaco,1,
1332,Muestreo ct sauce/CT S 2021/S14/0-S14- (56).JPG,1,0.941,1,1,guanaco,0,
1348,Muestreo ct sauce/CT S 2021/S15/0-S15- (188).JPG,2,0.045,0,2,guanaco,1,
1354,Muestreo ct sauce/CT S 2021/S15/0-S15- (21).JPG,1,0.919,1,2,guanaco,0,
1355,Muestreo ct sauce/CT S 2021/S15/0-S15- (231).JPG,1,0.955,1,2,guanaco,0,
1356,Muestreo ct sauce/CT S 2021/S15/0-S15- (232).JPG,2,0.0505,0,2,guanaco,1,
1361,Muestreo ct sauce/CT S 2021/S15/0-S15- (261).JPG,2,0.054,0,2,guanaco,1,
1367,Muestreo ct sauce/CT S 2021/S15/0-S15- (406).JPG,2,0.0315,0,2,guanaco,1,
1369,Muestreo ct sauce/CT S 2021/S15/0-S15- (408).JPG,3,0.099666667,0,3,guanaco,1,
1372,Muestreo ct sauce/CT S 2021/S15/0-S15- (421).JPG,2,0.0875,0,2,guanaco,1,
1375,Muestreo ct sauce/CT S 2021/S15/0-S15- (441).JPG,2,0.07,0,2,guanaco,1,
1381,Muestreo ct sauce/CT S 2021/S15/0-S15- (516).JPG,4,0.0905,0,3,guanaco,1,
1390,Muestreo ct sauce/CT S 2021/S15/1-S15- (16).JPG,2,0.048,0,2,guanaco,1,
1394,Muestreo ct sauce/CT S 2021/S15/1-S15- (19).JPG,3,0.056,0,3,guanaco,1,
1397,Muestreo ct sauce/CT S 2021/S15/1-S15- (210).JPG,4,0.078,0,4,guanaco,1,
1401,Muestreo ct sauce/CT S 2021/S15/1-S15- (286).JPG,1,0.976,1,1,guanaco,0,
1404,Muestreo ct sauce/CT S 2021/S15/1-S15- (298).JPG,3,0.047,0,3,guanaco,1,
1406,Muestreo ct sauce/CT S 2021/S15/1-S15- (306).JPG,2,0.045,0,2,guanaco,1,
1410,Muestreo ct sauce/CT S 2021/S15/1-S15- (368).JPG,5,0.0818,0,5,guanaco,1,
1413,Muestreo ct sauce/CT S 2021/S15/1-S15- (381).JPG,3,0.068,0,3,guanaco,1,
1420,Muestreo ct sauce/CT S 2021/S15/1-S15- (458).JPG,3,0.095666667,0,3,guanaco,1,
1422,Muestreo ct sauce/CT S 2021/S15/1-S15- (462).JPG,4,0.08275,0,4,guanaco,1,
1446,Muestreo ct sauce/CT S 2021/S15/1-S15- (85).JPG,2,0.089,0,2,guanaco,1,
1447,Muestreo ct sauce/CT S 2021/S16/0-S16 (147).JPG,1,0.963,1,1,passeriforme,0,
1454,Muestreo ct sauce/CT S 2021/S16/0-S16 (69).JPG,2,0.0415,0,3,guanaco,1,
1459,Muestreo ct sauce/CT S 2021/S16/1-S16- (121).JPG,2,0.0635,0,2,choique,1,
1460,Muestreo ct sauce/CT S 2021/S16/1-S16- (123).JPG,3,0.08,0,3,choique,1,
1468,Muestreo ct sauce/CT S 2021/S16/1-S16- (191).JPG,2,0.043,0,2,guanaco,1,
1469,Muestreo ct sauce/CT S 2021/S16/1-S16- (21).JPG,2,0.038,0,2,guanaco,1,
1478,Muestreo ct sauce/CT S 2021/S16/1-S16- (326).JPG,3,0.044666667,0,4,guanaco,1,
1480,Muestreo ct sauce/CT S 2021/S16/1-S16- (396).JPG,2,0.069,0,2,guanaco,1,
1487,Muestreo ct sauce/CT S 2021/S16/1-S16- (424).JPG,2,0.0505,0,2,guanaco,1,
1491,Muestreo ct sauce/CT S 2021/S16/1-S16- (486).JPG,2,0.064,0,2,guanaco,1,
1527,Muestreo ct sauce/CT S 2021/S17/1-S17- (4050).JPG,2,0.1,0,2,mara,1,
1548,Muestreo ct sauce/CT S 2021/S18/1-S18- (2539).JPG,2,0.0425,0,2,guanaco,1,
1562,Muestreo ct sauce/CT S 2021/S19/0-S19- (221).JPG,4,0.08025,0,4,guanaco,1,
1575,Muestreo ct sauce/CT S 2021/S19/1-S19- (111).JPG,2,0.073,0,3,guanaco,1,
1576,Muestreo ct sauce/CT S 2021/S19/1-S19- (151).JPG,1,0.956,1,2,guanaco,0,
1578,Muestreo ct sauce/CT S 2021/S19/1-S19- (161).JPG,2,0.039,0,2,guanaco,1,
1579,Muestreo ct sauce/CT S 2021/S19/1-S19- (166).JPG,2,0.0515,0,3,guanaco,1,
1580,Muestreo ct sauce/CT S 2021/S19/1-S19- (22).JPG,2,0.033,0,2,guanaco,1,
1593,Muestreo ct sauce/CT S 2021/S19/1-S19- (580).JPG,2,0.054,0,2,guanaco,1,
1599,Muestreo ct sauce/CT S 2021/S19/2-S19- (164).JPG,2,0.088,0,2,guanaco,1,
1611,Muestreo ct sauce/CT S 2021/S19/2-S19- (38).JPG,2,0.043,0,2,guanaco,1,
1612,Muestreo ct sauce/CT S 2021/S19/2-S19- (51).JPG,2,0.039,0,2,guanaco,1,
1619,Muestreo ct sauce/CT S 2021/S2/1-S2- (142).JPG,2,0.051,0,2,guanaco,1,
1623,Muestreo ct sauce/CT S 2021/S2/1-S2- (210).JPG,2,0.062,0,2,guanaco,1,
1625,Muestreo ct sauce/CT S 2021/S2/1-S2- (270).JPG,2,0.0775,0,2,guanaco,1,
1636,Muestreo ct sauce/CT S 2021/S2/1-S2- (90).JPG,2,0.0845,0,2,guanaco,1,
1641,Muestreo ct sauce/CT S 2021/S2/2-S2- (116).JPG,1,0.944,1,2,guanaco,0,
1645,Muestreo ct sauce/CT S 2021/S2/2-S2- (206).JPG,2,0.083,0,2,guanaco,1,
1652,Muestreo ct sauce/CT S 2021/S2/2-S2- (90).JPG,2,0.057,0,2,guanaco,1,
1653,Muestreo ct sauce/CT S 2021/S2/2-S2- (92).JPG,2,0.0455,0,2,guanaco,1,
1668,Muestreo ct sauce/CT S 2021/S3/Estepa/1-S4- (106).JPG,3,0.085333333,0,3,guanaco,1,
1669,Muestreo ct sauce/CT S 2021/S3/Estepa/1-S4- (121).JPG,3,0.078666667,0,4,guanaco,1,
1689,Muestreo ct sauce/CT S 2021/S3/Estepa/1-S4- (97).JPG,2,0.0605,0,2,guanaco,1,
1708,Muestreo ct sauce/CT S 2021/S4/Tajamar/0-S4- (411).JPG,3,0.075666667,0,3,guanaco,1,
1715,Muestreo ct sauce/CT S 2021/S4/Tajamar/2-S4- (121).JPG,3,0.087666667,0,3,guanaco,1,
1731,Muestreo ct sauce/CT S 2021/S4/Tajamar/4-S4- (1639).JPG,4,0.07,0,4,passeriforme,1,
1732,Muestreo ct sauce/CT S 2021/S4/Tajamar/4-S4- (1666).JPG,3,0.094666667,0,4,flamenco,1,
1734,Muestreo ct sauce/CT S 2021/S4/Tajamar/4-S4- (1771).JPG,1,0.97,1,12,flamenco,0,
1743,Muestreo ct sauce/CT S 2021/S4/Tajamar/4-S4- (551).JPG,4,0.1,0,4,guanaco,1,
1746,Muestreo ct sauce/CT S 2021/S4/Tajamar/4-S4- (897).JPG,1,0.905,1,4,flamenco,0,
1747,Muestreo ct sauce/CT S 2021/S4/Tajamar/4-S4- (901).JPG,1,0.944,1,6,flamenco,0,
1749,Muestreo ct sauce/CT S 2021/S4/Tajamar/4-S4- (941).JPG,1,0.954,1,8,flamenco,0,
1759,Muestreo ct sauce/CT S 2021/S5/0-S5- (146).JPG,3,0.068,0,3,guanaco,1,
1760,Muestreo ct sauce/CT S 2021/S5/0-S5- (151).JPG,2,0.094,0,3,guanaco,1,
1761,Muestreo ct sauce/CT S 2021/S5/0-S5- (16).JPG,1,0.955,1,6,guanaco,0,
1777,Muestreo ct sauce/CT S 2021/S5/1-S5- (19).JPG,2,0.0545,0,2,guanaco,1,
1793,Muestreo ct sauce/CT S 2021/S6/0-S6- (2266).JPG,1,0.903,1,2,guanaco,0,
1805,Muestreo ct sauce/CT S 2021/S6/1-S6- (3456).JPG,3,0.050666667,0,3,guanaco,1,
1812,Muestreo ct sauce/CT S 2021/S6/1-S6- (6066).JPG,2,0.0605,0,2,guanaco,1,
1814,Muestreo ct sauce/CT S 2021/S6/1-S6- (6076).JPG,2,0.0435,0,3,guanaco,1,
1818,Muestreo ct sauce/CT S 2021/S6/1-S6- (856).JPG,3,0.079666667,0,4,guanaco,1,
1831,Muestreo ct sauce/CT S 2021/S8/0-S8- (436).JPG,2,0.0985,0,3,guanaco,1,
1837,Muestreo ct sauce/CT S 2021/S8/0-S8- (607).JPG,2,0.0865,0,2,guanaco,1,
1845,Muestreo ct sauce/CT S 2022/S1/1/1-S1- (146).JPG,2,0.083,0,2,guanaco,1,
1846,Muestreo ct sauce/CT S 2022/S1/1/1-S1- (152).JPG,2,0.086,0,2,guanaco,1,
1867,Muestreo ct sauce/CT S 2022/S1/3 - S1 - (2).JPG,1,0.967,1,1,guanaco,0,humano
1872,Muestreo ct sauce/CT S 2022/S11/IMG_0056.JPG,3,0.094,0,3,guanaco,1,
1887,Muestreo ct sauce/CT S 2022/S15/1/IMG_0383.JPG,1,0.969,1,1,guanaco,0,
1906,Muestreo ct sauce/CT S 2022/S15/1/IMG_0611.JPG,3,0.097666667,0,4,guanaco,1,
1926,Muestreo ct sauce/CT S 2022/S15/2/2-S15- (1146).JPG,2,0.0635,0,2,guanaco,1,
1927,Muestreo ct sauce/CT S 2022/S15/2/2-S15- (1151).JPG,3,0.06,0,3,guanaco,1,
1928,Muestreo ct sauce/CT S 2022/S15/2/2-S15- (1155).JPG,4,0.08375,0,4,guanaco,1,
1932,Muestreo ct sauce/CT S 2022/S15/2/2-S15- (1192).JPG,4,0.06025,0,4,guanaco,1,
1942,Muestreo ct sauce/CT S 2022/S15/2/2-S15- (41).JPG,4,0.0865,0,4,guanaco,1,
1946,Muestreo ct sauce/CT S 2022/S15/2/2-S15- (46).JPG,4,0.064,0,4,guanaco,1,
1949,Muestreo ct sauce/CT S 2022/S15/2/2-S15- (491).JPG,2,0.037,0,2,guanaco,1,
1950,Muestreo ct sauce/CT S 2022/S15/2/2-S15- (494).JPG,2,0.0455,0,3,guanaco,1,
1955,Muestreo ct sauce/CT S 2022/S15/2/2-S15- (549).JPG,2,0.0285,0,2,guanaco,1,
1957,Muestreo ct sauce/CT S 2022/S15/2/2-S15- (56).JPG,2,0.0685,0,2,guanaco,1,
1963,Muestreo ct sauce/CT S 2022/S15/2/2-S15- (611).JPG,5,0.0778,0,5,guanaco,1,
1964,Muestreo ct sauce/CT S 2022/S15/2/2-S15- (620).JPG,4,0.09325,0,4,guanaco,1,
1969,Muestreo ct sauce/CT S 2022/S15/2/2-S15- (666).JPG,3,0.092,0,3,guanaco,1,
1970,Muestreo ct sauce/CT S 2022/S15/2/2-S15- (677).JPG,3,0.055,0,3,guanaco,1,
1971,Muestreo ct sauce/CT S 2022/S15/2/2-S15- (687).JPG,2,0.044,0,2,guanaco,1,
1976,Muestreo ct sauce/CT S 2022/S15/2/2-S15- (720).JPG,2,0.034,0,2,guanaco,1,
1993,Muestreo ct sauce/CT S 2022/S15/IMG_0335.JPG,1,0.949,1,1,guanaco,0,
2003,Muestreo ct sauce/CT S 2022/S15/IMG_0461.JPG,1,0.938,1,1,guanaco,0,
2013,Muestreo ct sauce/CT S 2022/S15/IMG_1191.JPG,2,0.0995,0,2,guanaco,1,
2018,Muestreo ct sauce/CT S 2022/S15/IMG_1266.JPG,1,0.97,1,1,choique,0,
2025,Muestreo ct sauce/CT S 2022/S15/IMG_1652.JPG,2,0.0965,0,2,guanaco,1,
2032,Muestreo ct sauce/CT S 2022/S18/1 - S18 - (7).JPG,1,0.947,1,2,guanaco,0,
2040,Muestreo ct sauce/CT S 2022/S2/4/IMG_0599.JPG,1,0.918,1,1,guanaco,0,
2041,Muestreo ct sauce/CT S 2022/S2/4/IMG_0609.JPG,1,0.953,1,1,guanaco,0,
2042,Muestreo ct sauce/CT S 2022/S2/4/IMG_0648.JPG,1,0.943,1,5,guanaco,0,
2043,Muestreo ct sauce/CT S 2022/S2/4/IMG_0754.JPG,3,0.071666667,0,3,guanaco,1,
2048,Muestreo ct sauce/CT S 2022/S4/1/IMG_0105.JPG,2,0.089,0,2,choique,1,
2049,Muestreo ct sauce/CT S 2022/S4/1/IMG_0127.JPG,3,0.086333333,0,3,choique,1,
2054,Muestreo ct sauce/CT S 2022/S4/1/IMG_0533.JPG,3,0.064333333,0,4,guanaco,1,
2055,Muestreo ct sauce/CT S 2022/S4/1/IMG_0535.JPG,3,0.092666667,0,3,guanaco,1,
2056,Muestreo ct sauce/CT S 2022/S4/1/IMG_0536.JPG,3,0.075666667,0,4,guanaco,1,
2072,Muestreo ct sauce/CT S 2022/S4/2/IMG_1232.JPG,2,0.0495,0,2,guanaco,1,
2081,Muestreo ct sauce/CT S 2022/S4/2/IMG_3236.JPG,2,0.0845,0,1,guanaco,1,
2086,Muestreo ct sauce/CT S 2022/S4/2/IMG_4264.JPG,3,0.069333333,0,3,guanaco,1,
2091,Muestreo ct sauce/CT S 2022/S4/2/IMG_4471.JPG,4,0.061,0,5,guanaco,1,
2108,Muestreo ct sauce/CT S 2022/S7/1/IMG_0052.JPG,1,0.918,1,1,guanaco,0,
,Muestreo ct Iberica/2021/IB1/0-IB1- (1076).JPG,2,"3,015",0,3,guanaco,1,
,Muestreo ct Iberica/2021/IB1/0-IB1- (1091).JPG,2,"32,000,000,000,000,000",0,1,guanaco,1,
,Muestreo ct Iberica/2021/IB1/0-IB1- (950).JPG,2,"3,534,999,999,999,990",0,1,guanaco,1,
,Muestreo ct Iberica/2021/IB1/0-IB1- (955).JPG,2,"21,399,999,999,999,900",0,1,guanaco,1,
,Muestreo ct Iberica/2021/IB1/1-IB1- (1162).JPG,3,"2,583,333,333,333,330",0,3,guanaco,1,
,Muestreo ct Iberica/2021/IB1/1-IB1- (1182).JPG,2,"1,645,000,000,000,000",0,3,guanaco,1,
,Muestreo ct Iberica/2021/IB1/1-IB1- (971).JPG,2,"22,699,999,999,999,900",0,1,zorro colorado,1,
,Muestreo ct Iberica/2021/IB4/1-IB4- (123).JPG,2,"14,600,000,000,000,000",0,2,guanaco,1,
,Muestreo ct Iberica/2021/IB4/1-IB4- (511).JPG,2,133,0,2,guanaco,1,
,Muestreo ct Iberica/2021/IB6/0-IB6- (238).JPG,2,"15,250,000,000,000,000",0,1,choique,1,
,Muestreo ct Iberica/2021/IB6/0-IB6- (251).JPG,3,"15,266,666,666,666,600",0,2,choique,1,
,Muestreo ct Iberica/2021/IB6/0-IB6- (329).JPG,2,"3,155",0,1,guanaco,1,
,Muestreo ct Iberica/2021/IB6/0-IB6- (331).JPG,3,"16,066,666,666,666,600",0,3,guanaco,1,
,Muestreo ct Iberica/2021/IB6/0-IB6- (361).JPG,2,"31,299,999,999,999,900",0,2,guanaco,1,
,Muestreo ct Iberica/2021/IB6/0-IB6- (454).JPG,2,"2,825",0,1,choique,1,
,Muestreo ct Iberica/2021/IB6/0-IB6- (555).JPG,5,239,0,1,guanaco,1,
,Muestreo ct Iberica/2021/IB6/0-IB6- (736).JPG,3,"3,413,333,333,333,330",0,1,choique,1,
,Muestreo ct Iberica/2021/IB6/1-IB6- (1078).JPG,1,279,1,2,passeriforme,0,
,Muestreo ct Iberica/2021/IB6/1-IB6- (1568).JPG,2,"17,799,999,999,999,900",0,3,martineta,1,
,Muestreo ct Iberica/2021/IB6/1-IB6- (1611).JPG,3,"18,966,666,666,666,600",0,3,guanaco,1,
,Muestreo ct Iberica/2021/IB6/1-IB6- (1701).JPG,2,"14,500,000,000,000,000",0,2,guanaco,1,
,Muestreo ct Iberica/2022/Ib-22 (1)/IMG_0232.JPG,2,383,0,1,guanaco,1,
,Muestreo ct Iberica/2022/Ib-22 (1)/IMG_0247.JPG,2,"2,915",0,1,guanaco,1,
,Muestreo ct Iberica/2022/Ib-22 (4)/IMG_0045.JPG,2,"2,769,999,999,999,990",0,1,choique,1,
,Muestreo ct Iberica/2022/Ib-22 (5)/IMG_0056.JPG,2,"23,750,000,000,000,000",0,2,guanaco,1,
,Muestreo ct Iberica/2022/Ib-22 (6)/IMG_0142.JPG,2,"39,349,999,999,999,900",0,2,liebre,1,
,Muestreo ct Iberica/2022/Ib-22 (6)/IMG_0174.JPG,3,"1,306,666,666,666,660",0,3,guanaco,1,
,Muestreo ct Iberica/2022/Ib-22 (6)/IMG_0212.JPG,11,"33,372,727,272,727,200",0,8,guanaco,1,
,Muestreo ct Iberica/2022/Ib-22 (6)/IMG_0263.JPG,3,"20,800,000,000,000,000",0,1,martineta,1,
,Muestreo ct Iberica/2022/Ib-22 (6)/IMG_0328.JPG,3,"1,309,999,999,999,990",0,2,guanaco,1,
,Muestreo ct Iberica/2022/Ib-22 (6)/IMG_0526.JPG,2,"18,300,000,000,000,000",0,2,liebre,1,
,Muestreo ct sauce/CT S 2020/S1/IMG_0087.JPG,1,393,1,1,guanaco,0,
,Muestreo ct sauce/CT S 2020/S11/IMG_0120.JPG,3,"10,166,666,666,666,600",0,3,mara,1,
,Muestreo ct sauce/CT S 2020/S11/S11- (101).JPG,7,"25,071,428,571,428,500",0,4,guanaco,1,
,Muestreo ct sauce/CT S 2020/S11/S11- (78).JPG,3,"1,286,666,666,666,660",0,2,guanaco,1,
,Muestreo ct sauce/CT S 2020/S11/S11- (89).JPG,5,"31,200,000,000,000,000",0,4,guanaco,1,
,Muestreo ct sauce/CT S 2020/S11/S11- (90).JPG,5,"2,552",0,5,guanaco,1,
,Muestreo ct sauce/CT S 2020/S13/IMG_0121.JPG,2,"3,435",0,1,guanaco,1,
,Muestreo ct sauce/CT S 2020/S13/z-S12 (10).JPG,2,"33,099,999,999,999,900",0,1,guanaco,1,
,Muestreo ct sauce/CT S 2020/S13/z-S12 (15).JPG,3,"12,033,333,333,333,300",0,2,guanaco,1,
,Muestreo ct sauce/CT S 2020/S13/z-S12 (18).JPG,5,"21,399,999,999,999,900",0,1,guanaco,1,
,Muestreo ct sauce/CT S 2020/S13/z-S12 (27).JPG,7,"19,914,285,714,285,700",0,5,guanaco,1,
,Muestreo ct sauce/CT S 2020/S13/z-S12 (78).JPG,2,"33,499,999,999,999,900",0,1,guanaco,1,
,Muestreo ct sauce/CT S 2020/S15/IMG_0168.JPG,7,"13,428,571,428,571,400",0,5,choique,1,
,Muestreo ct sauce/CT S 2020/S15/IMG_0172.JPG,4,"10,424,999,999,999,900",0,4,choique,1,
,Muestreo ct sauce/CT S 2020/S15/IMG_0177.JPG,5,"2,689,999,999,999,990",0,4,choique,1,
,Muestreo ct sauce/CT S 2020/S15/IMG_0181.JPG,4,"1,855",0,4,choique,1,
,Muestreo ct sauce/CT S 2020/S15/IMG_0197.JPG,13,"3,558,461,538,461,530",0,9,choique,1,
,Muestreo ct sauce/CT S 2020/S15/IMG_0200.JPG,4,"32,825,000,000,000,000",0,3,choique,1,
,Muestreo ct sauce/CT S 2020/S15/S15 - (112).JPG,2,"11,399,999,999,999,900",0,3,guanaco,1,
,Muestreo ct sauce/CT S 2020/S15/z-S15 (346).JPG,3,"11,899,999,999,999,900",0,4,guanaco,1,
,Muestreo ct sauce/CT S 2020/S15/z-S15 (91).JPG,4,"27,174,999,999,999,900",0,1,guanaco,1,
,Muestreo ct sauce/CT S 2020/S15/z-S15 (92).JPG,5,"24,119,999,999,999,900",0,5,guanaco,1,
,Muestreo ct sauce/CT S 2020/S15/z-S15 (93).JPG,6,"1,386,666,666,666,660",0,5,guanaco,1,
,Muestreo ct sauce/CT S 2020/S16/IMG_0084.JPG,3,"22,000,000,000,000,000",0,3,passeriforme,1,
,Muestreo ct sauce/CT S 2020/S16/IMG_0093.JPG,5,"2,552,000,000,000,000",0,3,guanaco,1,
,Muestreo ct sauce/CT S 2020/S16/IMG_0437.JPG,9,"18,599,999,999,999,900",0,5,guanaco,1,
,Muestreo ct sauce/CT S 2020/S16/IMG_0439.JPG,13,"3,206,153,846,153,840",0,6,guanaco,1,
,Muestreo ct sauce/CT S 2020/S16/IMG_0561.JPG,5,"23,339,999,999,999,900",0,4,passeriforme,1,
,Muestreo ct sauce/CT S 2020/S16/IMG_0566.JPG,3,"17,799,999,999,999,900",0,4,guanaco,1,
,Muestreo ct sauce/CT S 2020/S16/IMG_0613.JPG,7,"15,828,571,428,571,400",0,6,passeriforme,1,
,Muestreo ct sauce/CT S 2020/S16/IMG_0911.JPG,3,134,0,3,passeriforme,1,
,Muestreo ct sauce/CT S 2020/S16/S16 - (24).JPG,4,"25,275,000,000,000,000",0,2,guanaco,1,
,Muestreo ct sauce/CT S 2020/S16/S16 - (25).JPG,4,"35,925,000,000,000,000",0,2,guanaco,1,
,Muestreo ct sauce/CT S 2020/S16/S16 - (31).JPG,5,"2,572",0,4,guanaco,1,
,Muestreo ct sauce/CT S 2020/S16/S16 - (32).JPG,4,"32,000,000,000,000,000",0,3,passeriforme,1,
,Muestreo ct sauce/CT S 2020/S16/S16 - (36).JPG,6,"25,616,666,666,666,600",0,5,guanaco,1,
,Muestreo ct sauce/CT S 2020/S16/z-S16 (1091).JPG,6,"29,633,333,333,333,300",0,1,martineta,1,
,Muestreo ct sauce/CT S 2020/S16/z-S16 (1156).JPG,11,"31,172,727,272,727,200",0,8,choique,1,
,Muestreo ct sauce/CT S 2020/S16/z-S16 (1161).JPG,10,"17,979,999,999,999,900",0,9,guanaco,1,
,Muestreo ct sauce/CT S 2020/S16/z-S16 (1281).JPG,4,"3,155",0,3,guanaco,1,
,Muestreo ct sauce/CT S 2020/S16/z-S16 (1416).JPG,4,"3,415",0,3,choique,1,
,Muestreo ct sauce/CT S 2020/S16/z-S16 (276).JPG,3,274,0,1,guanaco,1,
,Muestreo ct sauce/CT S 2020/S16/z-S16 (509).JPG,14,"3,492,142,857,142,850",0,9,passeriforme,1,
,Muestreo ct sauce/CT S 2020/S16/z-S16 (576).JPG,3,"1,336,666,666,666,660",0,3,choique,1,
,Muestreo ct sauce/CT S 2020/S16/z-S16 (626).JPG,9,"3,705,555,555,555,550",0,5,choique,1,
,Muestreo ct sauce/CT S 2020/S16/z-S16 (696).JPG,4,"25,025",0,4,martineta,1,
,Muestreo ct sauce/CT S 2020/S16/z-S16 (813).JPG,3,"28,166,666,666,666,600",0,3,passeriforme,1,
,Muestreo ct sauce/CT S 2020/S16/z-S16 (881).JPG,11,"26,281,818,181,818,100",0,8,guanaco,1,
,Muestreo ct sauce/CT S 2020/S16/z-S16 (927).JPG,6,"11,383,333,333,333,300",0,6,guanaco,1,
,Muestreo ct sauce/CT S 2020/S17/IMG_0041.JPG,6,"23,533,333,333,333,300",0,4,choique,1,
,Muestreo ct sauce/CT S 2020/S17/IMG_0317.JPG,3,"3,836,666,666,666,660",0,1,passeriforme,1,
,Muestreo ct sauce/CT S 2020/S17/IMG_0740.JPG,11,"2,906,363,636,363,630",0,8,guanaco,1,
,Muestreo ct sauce/CT S 2020/S17/IMG_0769.JPG,10,"10,070,000,000,000,000",0,10,guanaco,1,
,Muestreo ct sauce/CT S 2020/S17/IMG_1247.JPG,16,"24,568,749,999,999,900",0,10,guanaco,1,
,Muestreo ct sauce/CT S 2020/S17/IMG_1960.JPG,11,"24,336,363,636,363,600",0,7,zorro gris,1,
,Muestreo ct sauce/CT S 2020/S17/IMG_3316.JPG,6,"23,133,333,333,333,300",0,4,choique,1,
,Muestreo ct sauce/CT S 2020/S17/IMG_3362.JPG,2,"20,750,000,000,000,000",0,1,liebre,1,
,Muestreo ct sauce/CT S 2020/S17/IMG_3976.JPG,6,"24,883,333,333,333,300",0,9,guanaco,1,
,Muestreo ct sauce/CT S 2020/S17/IMG_4015.JPG,10,"20,839,999,999,999,900",0,7,guanaco,1,
,Muestreo ct sauce/CT S 2020/S17/IMG_4845.JPG,7,"19,371,428,571,428,500",0,7,choique,1,
,Muestreo ct sauce/CT S 2020/S17/IMG_4889.JPG,9,"1,316,666,666,666,660",0,9,guanaco,1,
,Muestreo ct sauce/CT S 2020/S17/IMG_5135.JPG,11,"3,200,909,090,909,090",0,9,passeriforme,1,
,Muestreo ct sauce/CT S 2020/S17/IMG_5523.JPG,7,"1,567,142,857,142,850",0,7,choique,1,
,Muestreo ct sauce/CT S 2020/S17/IMG_5647.JPG,2,121,0,2,zorro gris,1,
,Muestreo ct sauce/CT S 2020/S17/S17 - (1014).JPG,8,"21,699,999,999,999,900",0,4,choique,1,
,Muestreo ct sauce/CT S 2020/S17/S17 - (1046).JPG,7,"26,328,571,428,571,400",0,7,guanaco,1,
,Muestreo ct sauce/CT S 2020/S17/S17 - (11).JPG,7,"37,157,142,857,142,800",0,5,guanaco,1,
,Muestreo ct sauce/CT S 2020/S17/S17 - (111).JPG,7,"3,204,285,714,285,710",0,5,gaviota,1,
,Muestreo ct sauce/CT S 2020/S17/S17 - (12).JPG,9,"28,922,222,222,222,200",0,8,guanaco,1,
,Muestreo ct sauce/CT S 2020/S17/S17 - (15).JPG,11,"3,111,818,181,818,180",0,8,guanaco,1,
,Muestreo ct sauce/CT S 2020/S17/S17 - (1615).JPG,2,"13,650,000,000,000,000",0,1,choique,1,
,Muestreo ct sauce/CT S 2020/S17/S17 - (1811).JPG,9,"10,399,999,999,999,900",0,8,passeriforme,1,
,Muestreo ct sauce/CT S 2020/S17/S17 - (1815).JPG,8,"29,412,499,999,999,900",0,7,guanaco,1,
,Muestreo ct sauce/CT S 2020/S17/S17 - (1876).JPG,2,"31,499,999,999,999,900",0,1,choique,1,
,Muestreo ct sauce/CT S 2020/S17/S17 - (2236).JPG,12,"3,315",0,7,guanaco,1,
,Muestreo ct sauce/CT S 2020/S17/S17 - (26).JPG,8,"3,115",0,7,passeriforme,1,
,Muestreo ct sauce/CT S 2020/S17/S17 - (284).JPG,9,"2,573,333,333,333,330",0,8,jote,1,
,Muestreo ct sauce/CT S 2020/S17/S17 - (41).JPG,9,"2,218,888,888,888,880",0,7,zorro gris,1,
,Muestreo ct sauce/CT S 2020/S17/S17 - (645).JPG,4,"12,149,999,999,999,900",0,3,gaviota,1,
,Muestreo ct sauce/CT S 2020/S17/S17 - (8).JPG,10,"34,820,000,000,000,000",0,7,guanaco,1,
,Muestreo ct sauce/CT S 2020/S17/S17 - (800).JPG,14,"2,887,142,857,142,850",0,11,guanaco,1,
,Muestreo ct sauce/CT S 2020/S17/z-S17 (1294).JPG,11,"2,292,727,272,727,270",0,9,guanaco,1,
,Muestreo ct sauce/CT S 2020/S17/z-S17 (1565).JPG,12,"21,250,000,000,000,000",0,10,guanaco,1,
,Muestreo ct sauce/CT S 2020/S17/z-S17 (1595).JPG,16,"266,625",0,13,guanaco,1,
,Muestreo ct sauce/CT S 2020/S17/z-S17 (201).JPG,4,246,0,3,choique,1,
,Muestreo ct sauce/CT S 2020/S17/z-S17 (269).JPG,6,"37,783,333,333,333,300",0,2,choique,1,
,Muestreo ct sauce/CT S 2020/S17/z-S17 (271).JPG,3,"3,723,333,333,333,330",0,2,choique,1,
,Muestreo ct sauce/CT S 2020/S17/z-S17 (311).JPG,2,"11,299,999,999,999,900",0,2,zorro gris,1,
,Muestreo ct sauce/CT S 2020/S17/z-S17 (321).JPG,4,"3,007,500,000,000,000",0,3,guanaco,1,
,Muestreo ct sauce/CT S 2020/S17/z-S17 (379).JPG,10,"22,999,999,999,999,900",0,10,guanaco,1,
,Muestreo ct sauce/CT S 2020/S17/z-S17 (76).JPG,2,"32,099,999,999,999,900",0,1,liebre,1,
,Muestreo ct sauce/CT S 2020/S18/IMG_0016.JPG,2,"35,250,000,000,000,000",0,1,passeriforme,1,
,Muestreo ct sauce/CT S 2020/S18/z-S18 (1731).JPG,4,"29,100,000,000,000,000",0,1,guanaco,1,
,Muestreo ct sauce/CT S 2020/S18/z-S18 (1764).JPG,3,"2,436,666,666,666,660",0,1,guanaco,1,
,Muestreo ct sauce/CT S 2020/S19/IMG_1798.JPG,3,"18,033,333,333,333,300",0,2,guanaco,1,
,Muestreo ct sauce/CT S 2020/S19/IMG_2393.JPG,5,"3,234",0,3,guanaco,1,
,Muestreo ct sauce/CT S 2020/S19/z-S19 (1116).JPG,2,"10,650,000,000,000,000",0,3,guanaco,1,
,Muestreo ct sauce/CT S 2020/S19/z-S19 (1231).JPG,2,"3,225",0,1,guanaco,1,
,Muestreo ct sauce/CT S 2020/S19/z-S19 (1485).JPG,3,"2,393,333,333,333,330",0,2,guanaco,1,
,Muestreo ct sauce/CT S 2020/S19/z-S19 (1896).JPG,5,"10,899,999,999,999,900",0,5,guanaco,1,
,Muestreo ct sauce/CT S 2020/S19/z-S19 (1912).JPG,2,"34,299,999,999,999,900",0,1,guanaco,1,
,Muestreo ct sauce/CT S 2020/S19/z-S19 (2196).JPG,2,"21,500,000,000,000,000",0,1,guanaco,1,
,Muestreo ct sauce/CT S 2020/S19/z-S19 (2561).JPG,4,"14,775,000,000,000,000",0,4,guanaco,1,
,Muestreo ct sauce/CT S 2020/S19/z-S19 (2563).JPG,4,"11,824,999,999,999,900",0,4,guanaco,1,
,Muestreo ct sauce/CT S 2020/S19/z-S19 (2566).JPG,3,128,0,4,guanaco,1,
,Muestreo ct sauce/CT S 2020/S19/z-S19 (3383).JPG,3,"18,633,333,333,333,300",0,1,guanaco,1,
,Muestreo ct sauce/CT S 2020/S19/z-S19 (3384).JPG,4,"12,949,999,999,999,900",0,4,guanaco,1,
,Muestreo ct sauce/CT S 2020/S19/z-S19 (3391).JPG,9,"1,892,222,222,222,220",0,8,guanaco,1,
,Muestreo ct sauce/CT S 2020/S19/z-S19 (3415).JPG,11,"1,596,363,636,363,630",0,12,guanaco,1,
,Muestreo ct sauce/CT S 2020/S19/z-S19 (402).JPG,2,"10,899,999,999,999,900",0,2,guanaco,1,
,Muestreo ct sauce/CT S 2020/S19/z-S19 (405).JPG,2,257,0,1,guanaco,1,
,Muestreo ct sauce/CT S 2020/S19/z-S19 (418).JPG,2,"13,949,999,999,999,900",0,2,guanaco,1,
,Muestreo ct sauce/CT S 2020/S19/z-S19 (437).JPG,4,"14,549,999,999,999,900",0,4,guanaco,1,
,Muestreo ct sauce/CT S 2020/S2/IMG_0321.JPG,2,"10,150,000,000,000,000",0,2,guanaco,1,
,Muestreo ct sauce/CT S 2020/S2/IMG_0352.JPG,2,"10,499,999,999,999,900",0,2,guanaco,1,
,Muestreo ct sauce/CT S 2020/S2/IMG_0371.JPG,2,"25,750,000,000,000,000",0,1,guanaco,1,
,Muestreo ct sauce/CT S 2020/S2/z-S2- (86).JPG,3,"30,433,333,333,333,300",0,2,guanaco,1,
,Muestreo ct sauce/CT S 2020/S2/z-S2- (94).JPG,2,"14,050,000,000,000,000",0,2,guanaco,1,
,Muestreo ct sauce/CT S 2020/S3/IMG_0822.JPG,2,"24,649,999,999,999,900",0,2,guanaco,1,
,Muestreo ct sauce/CT S 2020/S4/0-S4 (119).JPG,3,"2,796,666,666,666,660",0,2,guanaco,1,
,Muestreo ct sauce/CT S 2020/S4/0-S4 (133).JPG,2,"21,350,000,000,000,000",0,1,guanaco,1,
,Muestreo ct sauce/CT S 2020/S4/0-S4 (65).JPG,3,"1,266,666,666,666,660",0,3,guanaco,1,
,Muestreo ct sauce/CT S 2020/S4/0-S4 (70).JPG,5,"16,899,999,999,999,900",0,4,guanaco,1,
,Muestreo ct sauce/CT S 2020/S4/0-S4 (8).JPG,2,124,0,1,guanaco,1,
,Muestreo ct sauce/CT S 2020/S4/0-S4 (85).JPG,9,"29,200,000,000,000,000",0,5,guanaco,1,
,Muestreo ct sauce/CT S 2020/S4/0-S4 (91).JPG,8,"18,562,500,000,000,000",0,7,guanaco,1,
,Muestreo ct sauce/CT S 2020/S4/IMG_2951.JPG,3,"23,966,666,666,666,600",0,2,guanaco,1,
,Muestreo ct sauce/CT S 2020/S4/IMG_2976.JPG,3,"20,633,333,333,333,300",0,2,guanaco,1,
,Muestreo ct sauce/CT S 2020/S4/IMG_2981.JPG,5,"19,679,999,999,999,900",0,4,guanaco,1,
,Muestreo ct sauce/CT S 2020/S4/IMG_2987.JPG,3,"2,686,666,666,666,660",0,1,guanaco,1,
,Muestreo ct sauce/CT S 2020/S4/IMG_2991.JPG,6,"21,733,333,333,333,300",0,2,guanaco,1,
,Muestreo ct sauce/CT S 2020/S4/x-S4 (20).JPG,2,351,0,2,choique,1,
,Muestreo ct sauce/CT S 2020/S4/x-S4 (30).JPG,3,"3,483,333,333,333,330",0,2,choique,1,
,Muestreo ct sauce/CT S 2020/S4/z-S4 (16).JPG,3,"17,400,000,000,000,000",0,2,passeriforme,1,
,Muestreo ct sauce/CT S 2020/S4/z-S4 (83).JPG,2,"16,049,999,999,999,900",0,1,choique,1,
,Muestreo ct sauce/CT S 2020/S4/z-S4 (94).JPG,3,"13,500,000,000,000,000",0,2,choique,1,
,Muestreo ct sauce/CT S 2020/S5/IMG_0004.JPG,2,"11,699,999,999,999,900",0,2,guanaco,1,
,Muestreo ct sauce/CT S 2020/S5/IMG_0006.JPG,3,"3,530,000,000,000,000",0,2,guanaco,1,
,Muestreo ct sauce/CT S 2020/S5/IMG_0011.JPG,5,"38,360,000,000,000,000",0,3,guanaco,1,
,Muestreo ct sauce/CT S 2020/S5/IMG_0023.JPG,4,136,0,3,guanaco,1,
,Muestreo ct sauce/CT S 2020/S5/IMG_0188.JPG,2,"21,700,000,000,000,000",0,1,guanaco,1,
,Muestreo ct sauce/CT S 2020/S5/IMG_0191.JPG,4,"10,125,000,000,000,000",0,3,guanaco,1,
,Muestreo ct sauce/CT S 2020/S7/IMG_0395.JPG,2,"36,450,000,000,000,000",0,1,guanaco,1,
,Muestreo ct sauce/CT S 2021/S1/0-S1- (158).JPG,4,"17,874,999,999,999,900",0,1,guanaco,1,
,Muestreo ct sauce/CT S 2021/S1/0-S1- (1866).JPG,2,"1,905",0,1,guanaco,1,
,Muestreo ct sauce/CT S 2021/S1/0-S1- (687).JPG,9,"23,077,777,777,777,700",0,5,choique,1,
,Muestreo ct sauce/CT S 2021/S1/0-S1- (689).JPG,7,"16,442,857,142,857,100",0,4,choique,1,
,Muestreo ct sauce/CT S 2021/S1/0-S1- (699).JPG,8,263,0,4,choique,1,
,Muestreo ct sauce/CT S 2021/S1/0-S1- (701).JPG,8,"1,985",0,4,choique,1,
,Muestreo ct sauce/CT S 2021/S1/0-S1- (703).JPG,6,"12,583,333,333,333,300",0,5,choique,1,
,Muestreo ct sauce/CT S 2021/S1/1-S1- (1337).JPG,5,"15,300,000,000,000,000",0,5,guanaco,1,
,Muestreo ct sauce/CT S 2021/S1/1-S1- (188).JPG,2,"28,800,000,000,000,000",0,1,guanaco,1,
,Muestreo ct sauce/CT S 2021/S13/0-S13- (101).JPG,5,"14,860,000,000,000,000",0,4,guanaco,1,
,Muestreo ct sauce/CT S 2021/S13/0-S13- (109).JPG,5,"1,097,999,999,999,990",0,5,guanaco,1,
,Muestreo ct sauce/CT S 2021/S13/0-S13- (141).JPG,7,"19,457,142,857,142,800",0,2,guanaco,1,
,Muestreo ct sauce/CT S 2021/S13/0-S13- (267).JPG,6,"15,033,333,333,333,300",0,6,guanaco,1,
,Muestreo ct sauce/CT S 2021/S13/0-S13- (281).JPG,2,"14,700,000,000,000,000",0,1,guanaco,1,
,Muestreo ct sauce/CT S 2021/S13/0-S13- (291).JPG,3,"10,366,666,666,666,600",0,1,guanaco,1,
,Muestreo ct sauce/CT S 2021/S13/0-S13- (292).JPG,5,"3,066",0,1,guanaco,1,
,Muestreo ct sauce/CT S 2021/S13/0-S13- (41).JPG,2,"1,160,000,000,000,000",0,2,guanaco,1,
,Muestreo ct sauce/CT S 2021/S13/0-S13- (491).JPG,2,122,0,1,guanaco,1,
,Muestreo ct sauce/CT S 2021/S13/0-S13- (75).JPG,3,"11,199,999,999,999,900",0,3,guanaco,1,
,Muestreo ct sauce/CT S 2021/S13/0-S13- (96).JPG,5,"2,652",0,3,guanaco,1,
,Muestreo ct sauce/CT S 2021/S13/1-S13- (101).JPG,5,"2,076",0,4,guanaco,1,
,Muestreo ct sauce/CT S 2021/S13/1-S13- (102).JPG,6,"29,800,000,000,000,000",0,4,guanaco,1,
,Muestreo ct sauce/CT S 2021/S13/1-S13- (136).JPG,3,"29,433,333,333,333,300",0,1,guanaco,1,
,Muestreo ct sauce/CT S 2021/S13/1-S13- (258).JPG,5,"23,940,000,000,000,000",0,3,guanaco,1,
,Muestreo ct sauce/CT S 2021/S13/1-S13- (376).JPG,2,"26,350,000,000,000,000",0,1,guanaco,1,
,Muestreo ct sauce/CT S 2021/S13/1-S13- (531).JPG,2,"19,699,999,999,999,900",0,2,guanaco,1,
,Muestreo ct sauce/CT S 2021/S13/1-S13- (636).JPG,2,"1,855",0,1,guanaco,1,
,Muestreo ct sauce/CT S 2021/S13/1-S13- (74).JPG,2,"10,949,999,999,999,900",0,2,guanaco,1,
,Muestreo ct sauce/CT S 2021/S13/1-S13- (771).JPG,3,"20,400,000,000,000,000",0,3,guanaco,1,
,Muestreo ct sauce/CT S 2021/S13/1-S13- (781).JPG,4,"37,349,999,999,999,900",0,1,choique,1,
,Muestreo ct sauce/CT S 2021/S13/1-S13- (790).JPG,5,"35,419,999,999,999,900",0,6,choique,1,
,Muestreo ct sauce/CT S 2021/S13/1-S13- (792).JPG,4,"17,874,999,999,999,900",0,4,choique,1,
,Muestreo ct sauce/CT S 2021/S13/1-S13- (797).JPG,6,"22,483,333,333,333,300",0,5,choique,1,
,Muestreo ct sauce/CT S 2021/S13/1-S13- (801).JPG,4,"27,975,000,000,000,000",0,2,choique,1,
,Muestreo ct sauce/CT S 2021/S13/1-S13- (806).JPG,2,"2,885",0,1,choique,1,
,Muestreo ct sauce/CT S 2021/S13/1-S13- (813).JPG,3,241,0,1,choique,1,
,Muestreo ct sauce/CT S 2021/S13/1-S13- (88).JPG,7,"19,171,428,571,428,500",0,7,guanaco,1,
,Muestreo ct sauce/CT S 2021/S13/1-S13- (90).JPG,8,"26,575,000,000,000,000",0,6,guanaco,1,
,Muestreo ct sauce/CT S 2021/S14/0-S14- (19).JPG,2,"3,315",0,1,guanaco,1,
,Muestreo ct sauce/CT S 2021/S14/0-S14- (46).JPG,3,"19,633,333,333,333,300",0,3,guanaco,1,
,Muestreo ct sauce/CT S 2021/S14/1-S14- (39).JPG,2,"22,100,000,000,000,000",0,1,guanaco,1,
,Muestreo ct sauce/CT S 2021/S15/0-S15- (112).JPG,3,"2,686,666,666,666,660",0,2,guanaco,1,
,Muestreo ct sauce/CT S 2021/S15/0-S15- (184).JPG,2,"11,499,999,999,999,900",0,1,guanaco,1,
,Muestreo ct sauce/CT S 2021/S15/0-S15- (202).JPG,4,"22,575",0,3,guanaco,1,
,Muestreo ct sauce/CT S 2021/S15/0-S15- (239).JPG,2,"2,925",0,1,guanaco,1,
,Muestreo ct sauce/CT S 2021/S15/0-S15- (246).JPG,6,"24,016,666,666,666,600",0,2,guanaco,1,
,Muestreo ct sauce/CT S 2021/S15/0-S15- (251).JPG,4,"17,100,000,000,000,000",0,4,guanaco,1,
,Muestreo ct sauce/CT S 2021/S15/0-S15- (316).JPG,2,"1,479,999,999,999,990",0,3,guanaco,1,
,Muestreo ct sauce/CT S 2021/S15/0-S15- (42).JPG,2,"16,000,000,000,000,000",0,2,guanaco,1,
,Muestreo ct sauce/CT S 2021/S15/0-S15- (423).JPG,2,"11,650,000,000,000,000",0,2,guanaco,1,
,Muestreo ct sauce/CT S 2021/S15/0-S15- (426).JPG,2,"16,549,999,999,999,900",0,2,guanaco,1,
,Muestreo ct sauce/CT S 2021/S15/0-S15- (451).JPG,4,"1,875",0,3,guanaco,1,
,Muestreo ct sauce/CT S 2021/S15/0-S15- (50).JPG,4,"1,815",0,2,guanaco,1,
,Muestreo ct sauce/CT S 2021/S15/0-S15- (512).JPG,4,"13,724,999,999,999,900",0,4,guanaco,1,
,Muestreo ct sauce/CT S 2021/S15/0-S15- (54).JPG,2,132,0,2,guanaco,1,
,Muestreo ct sauce/CT S 2021/S15/0-S15- (592).JPG,4,"16,949,999,999,999,900",0,4,guanaco,1,
,Muestreo ct sauce/CT S 2021/S15/0-S15- (76).JPG,4,"23,399,999,999,999,900",0,3,guanaco,1,
,Muestreo ct sauce/CT S 2021/S15/1-S15- (111).JPG,2,"19,300,000,000,000,000",0,2,guanaco,1,
,Muestreo ct sauce/CT S 2021/S15/1-S15- (187).JPG,4,"24,875,000,000,000,000",0,4,guanaco,1,
,Muestreo ct sauce/CT S 2021/S15/1-S15- (188).JPG,4,"17,700,000,000,000,000",0,4,guanaco,1,
,Muestreo ct sauce/CT S 2021/S15/1-S15- (193).JPG,4,123,0,4,guanaco,1,
,Muestreo ct sauce/CT S 2021/S15/1-S15- (208).JPG,5,"23,299,999,999,999,900",0,1,guanaco,1,
,Muestreo ct sauce/CT S 2021/S15/1-S15- (292).JPG,4,"16,400,000,000,000,000",0,4,guanaco,1,
,Muestreo ct sauce/CT S 2021/S15/1-S15- (299).JPG,4,"20,100,000,000,000,000",0,3,guanaco,1,
,Muestreo ct sauce/CT S 2021/S15/1-S15- (329).JPG,4,"22,199,999,999,999,900",0,4,guanaco,1,
,Muestreo ct sauce/CT S 2021/S15/1-S15- (375).JPG,6,"3,553,333,333,333,330",0,4,guanaco,1,
,Muestreo ct sauce/CT S 2021/S15/1-S15- (377).JPG,2,"31,600,000,000,000,000",0,2,guanaco,1,
,Muestreo ct sauce/CT S 2021/S15/1-S15- (45).JPG,3,"1,276,666,666,666,660",0,3,guanaco,1,
,Muestreo ct sauce/CT S 2021/S15/1-S15- (459).JPG,4,"10,075",0,4,guanaco,1,
,Muestreo ct sauce/CT S 2021/S15/1-S15- (469).JPG,2,135,0,2,guanaco,1,
,Muestreo ct sauce/CT S 2021/S15/1-S15- (499).JPG,8,"148,625",0,8,guanaco,1,
,Muestreo ct sauce/CT S 2021/S15/1-S15- (500).JPG,9,"1,561,111,111,111,110",0,8,guanaco,1,
,Muestreo ct sauce/CT S 2021/S15/1-S15- (506).JPG,6,"12,550,000,000,000,000",0,6,guanaco,1,
,Muestreo ct sauce/CT S 2021/S15/1-S15- (512).JPG,7,"2,231,428,571,428,570",0,6,guanaco,1,
,Muestreo ct sauce/CT S 2021/S15/1-S15- (521).JPG,5,"16,039,999,999,999,900",0,4,guanaco,1,
,Muestreo ct sauce/CT S 2021/S15/1-S15- (523).JPG,5,"15,459,999,999,999,900",0,6,guanaco,1,
,Muestreo ct sauce/CT S 2021/S15/1-S15- (635).JPG,9,"25,688,888,888,888,800",0,6,guanaco,1,
,Muestreo ct sauce/CT S 2021/S16/0-S16 (68).JPG,4,"24,824,999,999,999,900",0,3,guanaco,1,
,Muestreo ct sauce/CT S 2021/S16/1-S16- (141).JPG,4,0.24,0,3,guanaco,1,
,Muestreo ct sauce/CT S 2021/S16/1-S16- (171).JPG,2,"11,650,000,000,000,000",0,1,guanaco,1,
,Muestreo ct sauce/CT S 2021/S16/1-S16- (174).JPG,3,"29,333,333,333,333,300",0,2,guanaco,1,
,Muestreo ct sauce/CT S 2021/S16/1-S16- (179).JPG,4,"3,175",0,2,guanaco,1,
,Muestreo ct sauce/CT S 2021/S16/1-S16- (186).JPG,4,135,0,1,guanaco,1,
,Muestreo ct sauce/CT S 2021/S16/1-S16- (401).JPG,3,"20,400,000,000,000,000",0,1,guanaco,1,
,Muestreo ct sauce/CT S 2021/S16/1-S16- (403).JPG,5,"26,039,999,999,999,900",0,2,guanaco,1,
,Muestreo ct sauce/CT S 2021/S16/1-S16- (423).JPG,2,"13,349,999,999,999,900",0,1,guanaco,1,
,Muestreo ct sauce/CT S 2021/S16/1-S16- (46).JPG,5,"3,478",0,2,guanaco,1,
,Muestreo ct sauce/CT S 2021/S16/1-S16- (496).JPG,3,133,0,2,guanaco,1,
,Muestreo ct sauce/CT S 2021/S16/1-S16- (507).JPG,4,"10,325,000,000,000,000",0,3,guanaco,1,
,Muestreo ct sauce/CT S 2021/S16/1-S16- (68).JPG,5,"22,260,000,000,000,000",0,4,guanaco,1,
,Muestreo ct sauce/CT S 2021/S17/0-S17- (361).JPG,4,"33,975",0,4,guanaco,1,
,Muestreo ct sauce/CT S 2021/S17/0-S17- (4481).JPG,2,"35,550,000,000,000,000",0,1,zorro gris,1,
,Muestreo ct sauce/CT S 2021/S17/0-S17- (662).JPG,9,"3,582,222,222,222,220",0,7,guanaco,1,
,Muestreo ct sauce/CT S 2021/S17/1-S17- (2519).JPG,3,"3,653,333,333,333,330",0,1,mara,1,
,Muestreo ct sauce/CT S 2021/S17/1-S17- (3686).JPG,5,"17,559,999,999,999,900",0,5,guanaco,1,
,Muestreo ct sauce/CT S 2021/S17/1-S17- (4038).JPG,2,"30,800,000,000,000,000",0,1,mara,1,
,Muestreo ct sauce/CT S 2021/S17/1-S17- (4071).JPG,2,"21,899,999,999,999,900",0,1,passeriforme,1,
,Muestreo ct sauce/CT S 2021/S17/1-S17- (4171).JPG,4,"21,150,000,000,000,000",0,4,guanaco,1,
,Muestreo ct sauce/CT S 2021/S17/1-S17- (4376).JPG,7,"32,014,285,714,285,700",0,2,zorro gris,1,
,Muestreo ct sauce/CT S 2021/S17/1-S17- (76).JPG,1,0.22,1,5,gaviota,0,
,Muestreo ct sauce/CT S 2021/S18/1-S18- (2541).JPG,3,"10,699,999,999,999,900",0,2,guanaco,1,
,Muestreo ct sauce/CT S 2021/S19/0-S19- (197).JPG,2,"11,099,999,999,999,900",0,2,guanaco,1,
,Muestreo ct sauce/CT S 2021/S19/0-S19- (217).JPG,3,"16,166,666,666,666,600",0,3,guanaco,1,
,Muestreo ct sauce/CT S 2021/S19/0-S19- (331).JPG,2,"10,949,999,999,999,900",0,2,guanaco,1,
,Muestreo ct sauce/CT S 2021/S19/0-S19- (461).JPG,2,"15,900,000,000,000,000",0,2,guanaco,1,
,Muestreo ct sauce/CT S 2021/S19/0-S19- (681).JPG,2,"14,100,000,000,000,000",0,2,guanaco,1,
,Muestreo ct sauce/CT S 2021/S19/2-S19- (33).JPG,2,"15,149,999,999,999,900",0,2,guanaco,1,
,Muestreo ct sauce/CT S 2021/S2/1-S2- (161).JPG,2,"16,749,999,999,999,900",0,1,guanaco,1,
,Muestreo ct sauce/CT S 2021/S2/1-S2- (174).JPG,3,"10,499,999,999,999,900",0,3,guanaco,1,
,Muestreo ct sauce/CT S 2021/S2/1-S2- (278).JPG,3,"32,033,333,333,333,300",0,2,guanaco,1,
,Muestreo ct sauce/CT S 2021/S2/1-S2- (294).JPG,2,"11,250,000,000,000,000",0,2,guanaco,1,
,Muestreo ct sauce/CT S 2021/S2/1-S2- (295).JPG,2,"21,199,999,999,999,900",0,2,guanaco,1,
,Muestreo ct sauce/CT S 2021/S2/1-S2- (300).JPG,4,"3,305",0,4,guanaco,1,
,Muestreo ct sauce/CT S 2021/S2/1-S2- (93).JPG,4,"3,514,999,999,999,990",0,3,guanaco,1,
,Muestreo ct sauce/CT S 2021/S2/2-S2- (21).JPG,4,"10,224,999,999,999,900",0,3,guanaco,1,
,Muestreo ct sauce/CT S 2021/S2/2-S2- (76).JPG,4,"11,875,000,000,000,000",0,3,guanaco,1,
,Muestreo ct sauce/CT S 2021/S2/2-S2- (77).JPG,4,"15,125",0,3,guanaco,1,
,Muestreo ct sauce/CT S 2021/S3/0-S3- (122).JPG,4,"3,047,500,000,000,000",0,1,guanaco,1,
,Muestreo ct sauce/CT S 2021/S3/Estepa/1-S4- (136).JPG,4,"12,050,000,000,000,000",0,4,guanaco,1,
,Muestreo ct sauce/CT S 2021/S3/Estepa/1-S4- (137).JPG,5,"20,200,000,000,000,000",0,4,guanaco,1,
,Muestreo ct sauce/CT S 2021/S3/Estepa/1-S4- (1913).JPG,3,"15,266,666,666,666,600",0,4,guanaco,1,
,Muestreo ct sauce/CT S 2021/S3/Estepa/1-S4- (1914).JPG,5,"3,234",0,4,guanaco,1,
,Muestreo ct sauce/CT S 2021/S3/Estepa/1-S4- (1924).JPG,5,"10,640,000,000,000,000",0,4,guanaco,1,
,Muestreo ct sauce/CT S 2021/S3/Estepa/1-S4- (1931).JPG,3,"21,366,666,666,666,600",0,2,guanaco,1,
,Muestreo ct sauce/CT S 2021/S3/Estepa/1-S4- (769).JPG,2,"12,949,999,999,999,900",0,2,guanaco,1,
,Muestreo ct sauce/CT S 2021/S3/Estepa/3-S4- (339).JPG,2,"21,150,000,000,000,000",0,1,guanaco,1,
,Muestreo ct sauce/CT S 2021/S3/Estepa/3-S4- (341).JPG,3,"19,533,333,333,333,300",0,2,guanaco,1,
,Muestreo ct sauce/CT S 2021/S3/Estepa/3-S4- (351).JPG,2,"14,349,999,999,999,900",0,1,guanaco,1,
,Muestreo ct sauce/CT S 2021/S3/Estepa/3-S4- (355).JPG,3,"18,266,666,666,666,600",0,1,guanaco,1,
,Muestreo ct sauce/CT S 2021/S4/Tajamar/0-S4- (182).JPG,5,"2,255,999,999,999,990",0,4,guanaco,1,
,Muestreo ct sauce/CT S 2021/S4/Tajamar/0-S4- (190).JPG,4,"16,674,999,999,999,900",0,5,guanaco,1,
,Muestreo ct sauce/CT S 2021/S4/Tajamar/0-S4- (226).JPG,1,251,1,0,flamenco,0,
,Muestreo ct sauce/CT S 2021/S4/Tajamar/0-S4- (437).JPG,5,"21,319,999,999,999,900",0,4,guanaco,1,
,Muestreo ct sauce/CT S 2021/S4/Tajamar/2-S4- (101).JPG,2,"35,750,000,000,000,000",0,1,guanaco,1,
,Muestreo ct sauce/CT S 2021/S4/Tajamar/2-S4- (106).JPG,3,"3,350,000,000,000,000",0,2,guanaco,1,
,Muestreo ct sauce/CT S 2021/S4/Tajamar/4-S4- (1021).JPG,2,"1,845",0,2,guanaco,1,
,Muestreo ct sauce/CT S 2021/S4/Tajamar/4-S4- (1069).JPG,4,"21,625,000,000,000,000",0,3,guanaco,1,
,Muestreo ct sauce/CT S 2021/S4/Tajamar/4-S4- (1301).JPG,3,"3,596,666,666,666,660",0,1,guanaco,1,
,Muestreo ct sauce/CT S 2021/S4/Tajamar/4-S4- (1311).JPG,5,"3,022",0,2,guanaco,1,
,Muestreo ct sauce/CT S 2021/S4/Tajamar/4-S4- (1796).JPG,3,"33,399,999,999,999,900",0,1,guanaco,1,
,Muestreo ct sauce/CT S 2021/S4/Tajamar/4-S4- (996).JPG,3,"33,533,333,333,333,300",0,1,guanaco,1,
,Muestreo ct sauce/CT S 2021/S5/0-S5- (126).JPG,3,"1,373,333,333,333,330",0,3,guanaco,1,
,Muestreo ct sauce/CT S 2021/S5/0-S5- (127).JPG,4,"10,824,999,999,999,900",0,4,guanaco,1,
,Muestreo ct sauce/CT S 2021/S5/0-S5- (130).JPG,5,"21,040,000,000,000,000",0,5,guanaco,1,
,Muestreo ct sauce/CT S 2021/S5/0-S5- (19).JPG,3,"31,566,666,666,666,600",0,3,guanaco,1,
,Muestreo ct sauce/CT S 2021/S5/1-S5- (113).JPG,3,"1,146,666,666,666,660",0,3,guanaco,1,
,Muestreo ct sauce/CT S 2021/S5/1-S5- (53).JPG,3,"18,933,333,333,333,300",0,2,guanaco,1,
,Muestreo ct sauce/CT S 2021/S5/1-S5- (66).JPG,2,"26,350,000,000,000,000",0,2,guanaco,1,
,Muestreo ct sauce/CT S 2021/S5/1-S5- (76).JPG,4,"11,325,000,000,000,000",0,4,guanaco,1,
,Muestreo ct sauce/CT S 2021/S5/2-S5- (17).JPG,3,"1,356,666,666,666,660",0,3,guanaco,1,
,Muestreo ct sauce/CT S 2021/S6/0-S6- (5441).JPG,1,258,1,0,guanaco,0,
,Muestreo ct sauce/CT S 2021/S6/0-S6- (5442).JPG,2,"3,225",0,0,guanaco,1,
,Muestreo ct sauce/CT S 2021/S6/1-S6- (3454).JPG,2,"1,379,999,999,999,990",0,2,guanaco,1,
,Muestreo ct sauce/CT S 2021/S6/1-S6- (6071).JPG,3,"11,333,333,333,333,300",0,3,guanaco,1,
,Muestreo ct sauce/CT S 2021/S6/1-S6- (861).JPG,4,"21,199,999,999,999,900",0,3,guanaco,1,
,Muestreo ct sauce/CT S 2021/S6/1-S6- (871).JPG,4,"22,999,999,999,999,900",0,2,guanaco,1,
,Muestreo ct sauce/CT S 2021/S6/1-S6- (873).JPG,5,"17,020,000,000,000,000",0,3,guanaco,1,
,Muestreo ct sauce/CT S 2021/S8/0-S8- (141).JPG,2,"3,045",0,0,martineta,1,
,Muestreo ct sauce/CT S 2021/S8/0-S8- (439).JPG,4,"15,525",0,4,guanaco,1,
,Muestreo ct sauce/CT S 2021/S8/0-S8- (441).JPG,6,"3,168,333,333,333,330",0,4,guanaco,1,
,Muestreo ct sauce/CT S 2021/S8/0-S8- (621).JPG,3,"1,223,333,333,333,330",0,3,guanaco,1,
,Muestreo ct sauce/CT S 2022/S1/1/1-S1- (66).JPG,3,"18,800,000,000,000,000",0,2,guanaco,1,
,Muestreo ct sauce/CT S 2022/S1/2/2 - S1 - (162).JPG,2,"10,349,999,999,999,900",0,2,guanaco,1,
,Muestreo ct sauce/CT S 2022/S11/IMG_0104.JPG,2,"1,060,000,000,000,000",0,1,guanaco,1,
,Muestreo ct sauce/CT S 2022/S11/IMG_0148.JPG,4,"18,774,999,999,999,900",0,2,guanaco,1,
,Muestreo ct sauce/CT S 2022/S15/1/IMG_0027.JPG,5,"2,942",0,5,guanaco,1,
,Muestreo ct sauce/CT S 2022/S15/1/IMG_0432.JPG,5,"22,439,999,999,999,900",0,5,guanaco,1,
,Muestreo ct sauce/CT S 2022/S15/1/IMG_0447.JPG,3,"1,196,666,666,666,660",0,3,guanaco,1,
,Muestreo ct sauce/CT S 2022/S15/1/IMG_0452.JPG,3,"22,333,333,333,333,300",0,2,guanaco,1,
,Muestreo ct sauce/CT S 2022/S15/1/IMG_0466.JPG,4,"18,874,999,999,999,900",0,1,guanaco,1,
,Muestreo ct sauce/CT S 2022/S15/1/IMG_0470.JPG,3,136,0,1,guanaco,1,
,Muestreo ct sauce/CT S 2022/S15/1/IMG_0508.JPG,3,"16,433,333,333,333,300",0,3,guanaco,1,
,Muestreo ct sauce/CT S 2022/S15/1/IMG_0512.JPG,3,"13,500,000,000,000,000",0,4,guanaco,1,
,Muestreo ct sauce/CT S 2022/S15/1/IMG_0607.JPG,3,"2,386,666,666,666,660",0,3,guanaco,1,
,Muestreo ct sauce/CT S 2022/S15/1/IMG_0609.JPG,3,"10,999,999,999,999,900",0,3,guanaco,1,
,Muestreo ct sauce/CT S 2022/S15/1/IMG_0628.JPG,5,"22,140,000,000,000,000",0,3,guanaco,1,
,Muestreo ct sauce/CT S 2022/S15/1/IMG_0695.JPG,5,"20,620,000,000,000,000",0,4,guanaco,1,
,Muestreo ct sauce/CT S 2022/S15/1/IMG_0705.JPG,9,"17,622,222,222,222,200",0,8,guanaco,1,
,Muestreo ct sauce/CT S 2022/S15/1/IMG_0710.JPG,8,"12,050,000,000,000,000",0,7,guanaco,1,
,Muestreo ct sauce/CT S 2022/S15/1/IMG_0712.JPG,10,"13,149,999,999,999,900",0,9,guanaco,1,
,Muestreo ct sauce/CT S 2022/S15/1/IMG_0715.JPG,10,"14,680,000,000,000,000",0,9,guanaco,1,
,Muestreo ct sauce/CT S 2022/S15/1/IMG_0817.JPG,4,"3,195",0,0,guanaco,1,
,Muestreo ct sauce/CT S 2022/S15/1/IMG_0824.JPG,7,"30,100,000,000,000,000",0,3,guanaco,1,
,Muestreo ct sauce/CT S 2022/S15/2/2-S15- (1175).JPG,4,239,0,3,guanaco,1,
,Muestreo ct sauce/CT S 2022/S15/2/2-S15- (1179).JPG,6,"32,433,333,333,333,300",0,4,guanaco,1,
,Muestreo ct sauce/CT S 2022/S15/2/2-S15- (1266).JPG,8,267,0,6,guanaco,1,
,Muestreo ct sauce/CT S 2022/S15/2/2-S15- (1276).JPG,4,"10,475,000,000,000,000",0,4,guanaco,1,
,Muestreo ct sauce/CT S 2022/S15/2/2-S15- (36).JPG,3,"10,599,999,999,999,900",0,3,guanaco,1,
,Muestreo ct sauce/CT S 2022/S15/2/2-S15- (451).JPG,3,"11,433,333,333,333,300",0,3,guanaco,1,
,Muestreo ct sauce/CT S 2022/S15/2/2-S15- (481).JPG,2,"15,799,999,999,999,900",0,2,guanaco,1,
,Muestreo ct sauce/CT S 2022/S15/2/2-S15- (580).JPG,3,"1,246,666,666,666,660",0,3,guanaco,1,
,Muestreo ct sauce/CT S 2022/S15/2/2-S15- (582).JPG,4,"22,550,000,000,000,000",0,4,guanaco,1,
,Muestreo ct sauce/CT S 2022/S15/2/2-S15- (638).JPG,4,"25,849,999,999,999,900",0,2,guanaco,1,
,Muestreo ct sauce/CT S 2022/S15/2/2-S15- (646).JPG,4,"11,299,999,999,999,900",0,4,guanaco,1,
,Muestreo ct sauce/CT S 2022/S15/2/2-S15- (652).JPG,3,"10,566,666,666,666,600",0,3,guanaco,1,
,Muestreo ct sauce/CT S 2022/S15/2/2-S15- (661).JPG,2,0.14,0,1,guanaco,1,
,Muestreo ct sauce/CT S 2022/S15/2/2-S15- (717).JPG,2,"36,250,000,000,000,000",0,1,guanaco,1,
,Muestreo ct sauce/CT S 2022/S15/2/2-S15- (723).JPG,4,"1,965",0,3,guanaco,1,
,Muestreo ct sauce/CT S 2022/S15/2/2-S15- (758).JPG,2,"11,450,000,000,000,000",0,2,guanaco,1,
,Muestreo ct sauce/CT S 2022/S15/IMG_0441.JPG,2,"10,599,999,999,999,900",0,2,guanaco,1,
,Muestreo ct sauce/CT S 2022/S15/IMG_0455.JPG,4,"12,224,999,999,999,900",0,4,guanaco,1,
,Muestreo ct sauce/CT S 2022/S15/IMG_0466.JPG,4,"27,475,000,000,000,000",0,3,guanaco,1,
,Muestreo ct sauce/CT S 2022/S15/IMG_1166.JPG,2,"21,850,000,000,000,000",0,2,guanaco,1,
,Muestreo ct sauce/CT S 2022/S15/IMG_1176.JPG,2,"10,999,999,999,999,900",0,2,guanaco,1,
,Muestreo ct sauce/CT S 2022/S15/IMG_1181.JPG,2,"10,150,000,000,000,000",0,2,guanaco,1,
,Muestreo ct sauce/CT S 2022/S15/IMG_1551.JPG,2,"24,750,000,000,000,000",0,2,guanaco,1,
,Muestreo ct sauce/CT S 2022/S15/IMG_1641.JPG,2,"14,050,000,000,000,000",0,2,guanaco,1,
,Muestreo ct sauce/CT S 2022/S15/IMG_1650.JPG,2,"1,775",0,2,guanaco,1,
,Muestreo ct sauce/CT S 2022/S18/1 - S18 - (11).JPG,3,"1,423,333,333,333,330",0,3,guanaco,1,
,Muestreo ct sauce/CT S 2022/S2/4/IMG_0757.JPG,2,"16,949,999,999,999,900",0,2,guanaco,1,
,Muestreo ct sauce/CT S 2022/S4/1/IMG_0025.JPG,2,"2,044,999,999,999,990",0,1,choique,1,
,Muestreo ct sauce/CT S 2022/S4/1/IMG_0310.JPG,2,263,0,1,choique,1,
,Muestreo ct sauce/CT S 2022/S4/1/IMG_0540.JPG,3,"31,066,666,666,666,600",0,3,guanaco,1,
,Muestreo ct sauce/CT S 2022/S4/2/IMG_3011.JPG,4,"13,674,999,999,999,900",0,4,guanaco,1,
,Muestreo ct sauce/CT S 2022/S4/2/IMG_4464.JPG,4,"34,450,000,000,000,000",0,3,guanaco,1,
,Muestreo ct sauce/CT S 2022/S4/2/IMG_4476.JPG,5,"12,959,999,999,999,900",0,4,guanaco,1,
,Muestreo ct sauce/CT S 2022/S4/2/IMG_4854.JPG,5,"29,980,000,000,000,000",0,2,guanaco,1,
,Muestreo ct sauce/CT S 2022/S4/2/IMG_4854.JPG,5,"29,980,000,000,000,000",0,2,choique,1,
,Muestreo ct sauce/CT S 2022/S4/2/IMG_4877.JPG,3,"33,366,666,666,666,600",0,1,choique,1,
,Muestreo ct sauce/CT S 2022/S5/1/1 - S5 - (11).JPG,2,"22,150,000,000,000,000",0,2,guanaco,1,
,,,,,,,,
,,,,,,,,
,,,,,,,,
,,,,,,,,
,,,,,,,,
,,,,,,,,
,,,,,,,,
,,,,,,,,
,,,,,,,,
,,,,,,,,
,,,,,,,,
,,,,,,,,
,,,,,,,,
,,,,,,,,
,,,,,,,,
,,,,,,,,
,,,,,,,,
,,,,,,,,
,,,,,,,,
,,,,,,,,
,,,,,,,,
,,,,,,,,
,,,,,,,,
,,,,,,,,
,,,,,,,,
,,,,,,,,
,,,,,,,,
,,,,,,,,
,,,,,,,,
,,,,,,,,
,,,,,,,,
,,,,,,,,
,,,,,,,,
,,,,,,,,
,,,,,,,,
,,,,,,,,
,,,,,,,,
,,,,,,,,
,,,,,,,,
,,,,,,,,
,,,,,,,,
,,,,,,,,
,,,,,,,,
,,,,,,,,
,,,,,,,,
,,,,,,,,
,,,,,,,,
,,,,,,,,
,,,,,,,,
,,,,,,,,
,,,,,,,,
,,,,,,,,
,,,,,,,,
,,,,,,,,
,,,,,,,,
,,,,,,,,
,,,,,,,,
,,,,,,,,
,,,,,,,,
,,,,,,,,
,,,,,,,,
,,,,,,,,
,,,,,,,,
,,,,,,,,
,,,,,,,,
,,,,,,,,
,,,,,,,,
,,,,,,,,
,,,,,,,,
,,,,,,,,
,,,,,,,,
,,,,,,,,
,,,,,,,,
,,,,,,,,
,,,,,,,,
,,,,,,,,
,,,,,,,,
,,,,,,,,
,,,,,,,,
,,,,,,,,
,,,,,,,,
,,,,,,,,
,,,,,,,,
,,,,,,,,
,,,,,,,,
,,,,,,,,
,,,,,,,,
,,,,,,,,
,,,,,,,,
,,,,,,,,
,,,,,,,,
,,,,,,,,
,,,,,,,,
,,,,,,,,
,,,,,,,,
,,,,,,,,
,,,,,,,,
,,,,,,,,
,,,,,,,,
,,,,,,,,
,,,,,,,,
,,,,,,,,
,,,,,,,,
,,,,,,,,
,,,,,,,,
,,,,,,,,
,,,,,,,,
,,,,,,,,
,,,,,,,,
,,,,,,,,
,,,,,,,,
,,,,,,,,
,,,,,,,,
,,,,,,,,
,,,,,,,,
,,,,,,,,
,,,,,,,,
,,,,,,,,
,,,,,,,,
,,,,,,,,
,,,,,,,,
,,,,,,,,
,,,,,,,,
,,,,,,,,
,,,,,,,,
,,,,,,,,
,,,,,,,,
,,,,,,,,
,,,,,,,,
,,,,,,,,
,,,,,,,,
,,,,,,,,
,,,,,,,,
,,,,,,,,
,,,,,,,,
,,,,,,,,
,,,,,,,,
,,,,,,,,
,,,,,,,,
,,,,,,,,
,,,,,,,,
,,,,,,,,
,,,,,,,,
,,,,,,,,
,,,,,,,,
,,,,,,,,
,,,,,,,,
,,,,,,,,
,,,,,,,,
,,,,,,,,
,,,,,,,,
,,,,,,,,
,,,,,,,,
,,,,,,,,
,,,,,,,,
,,,,,,,,
,,,,,,,,
,,,,,,,,
,,,,,,,,
,,,,,,,,
,,,,,,,,
,,,,,,,,
,,,,,,,,
,,,,,,,,
,,,,,,,,
,,,,,,,,
,,,,,,,,
,,,,,,,,
,,,,,,,,
,,,,,,,,
,,,,,,,,
,,,,,,,,
,,,,,,,,
,,,,,,,,
,,,,,,,,
,,,,,,,,
,,,,,,,,
,,,,,,,,
,,,,,,,,
,,,,,,,,
,,,,,,,,
,,,,,,,,
,,,,,,,,
,,,,,,,,
,,,,,,,,
,,,,,,,,
,,,,,,,,
,,,,,,,,
,,,,,,,,
,,,,,,,,
,,,,,,,,
,,,,,,,,
,,,,,,,,
,,,,,,,,
,,,,,,,,
,,,,,,,,
,,,,,,,,
,,,,,,,,
,,,,,,,,
,,,,,,,,
,,,,,,,,
,,,,,,,,
,,,,,,,,
,,,,,,,,
,,,,,,,,
,,,,,,,,
,,,,,,,,
,,,,,,,,
,,,,,,,,
,,,,,,,,
,,,,,,,,
,,,,,,,,
,,,,,,,,
,,,,,,,,
,,,,,,,,
,,,,,,,,
,,,,,,,,
,,,,,,,,
,,,,,,,,
,,,,,,,,
,,,,,,,,
,,,,,,,,
,,,,,,,,
,,,,,,,,
,,,,,,,,
,,,,,,,,
,,,,,,,,
,,,,,,,,
,,,,,,,,
,,,,,,,,
,,,,,,,,
,,,,,,,,
,,,,,,,,
,,,,,,,,
,,,,,,,,
,,,,,,,,
,,,,,,,,
,,,,,,,,
,,,,,,,,
,,,,,,,,
,,,,,,,,
,,,,,,,,
,,,,,,,,
,,,,,,,,
,,,,,,,,
,,,,,,,,
,,,,,,,,
,,,,,,,,
,,,,,,,,
,,,,,,,,
,,,,,,,,
,,,,,,,,
,,,,,,,,
,,,,,,,,
,,,,,,,,
,,,,,,,,
,,,,,,,,
,,,,,,,,
,,,,,,,,
,,,,,,,,
,,,,,,,,
,,,,,,,,
,,,,,,,,
,,,,,,,,
,,,,,,,,
,,,,,,,,
,,,,,,,,
,,,,,,,,
,,,,,,,,
,,,,,,,,
,,,,,,,,
,,,,,,,,
,,,,,,,,
,,,,,,,,
,,,,,,,,
,,,,,,,,
,,,,,,,,
,,,,,,,,
,,,,,,,,
,,,,,,,,
,,,,,,,,
,,,,,,,,
,,,,,,,,
,,,,,,,,
,,,,,,,,
,,,,,,,,
,,,,,,,,
,,,,,,,,
,,,,,,,,
,,,,,,,,
,,,,,,,,
,,,,,,,,
,,,,,,,,
,,,,,,,,
,,,,,,,,
,,,,,,,,
,,,,,,,,
,,,,,,,,
,,,,,,,,
,,,,,,,,
,,,,,,,,
,,,,,,,,
,,,,,,,,
,,,,,,,,
,,,,,,,,
,,,,,,,,
,,,,,,,,
,,,,,,,,
,,,,,,,,
,,,,,,,,
,,,,,,,,
,,,,,,,,
,,,,,,,,
,,,,,,,,
,,,,,,,,
,,,,,,,,
,,,,,,,,
,,,,,,,,
,,,,,,,,
,,,,,,,,
,,,,,,,,
,,,,,,,,
,,,,,,,,
,,,,,,,,
,,,,,,,,
,,,,,,,,
,,,,,,,,
,,,,,,,,
,,,,,,,,
,,,,,,,,
,,,,,,,,
,,,,,,,,
,,,,,,,,
,,,,,,,,
,,,,,,,,
,,,,,,,,
,,,,,,,,
,,,,,,,,
,,,,,,,,
,,,,,,,,
,,,,,,,,
,,,,,,,,
,,,,,,,,
,,,,,,,,
,,,,,,,,
,,,,,,,,
,,,,,,,,
,,,,,,,,
,,,,,,,,
,,,,,,,,
,,,,,,,,
,,,,,,,,
,,,,,,,,
,,,,,,,,
,,,,,,,,
,,,,,,,,
,,,,,,,,
,,,,,,,,
,,,,,,,,
,,,,,,,,
,,,,,,,,
,,,,,,,,
,,,,,,,,
,,,,,,,,
,,,,,,,,
,,,,,,,,
,,,,,,,,
,,,,,,,,
,,,,,,,,
,,,,,,,,
,,,,,,,,
,,,,,,,,
,,,,,,,,
,,,,,,,,